{
    "project": {
        "version": "1.0.0-beta.28.3",
        "name": "incentive"
    },
    "map": {
        "ng2-bs3-modal": "node_modules/ng2-bs3-modal"
    },
    "apps": [{
        "root": "base",
        "outDir": "../incentive_dist",
        "assets": [
            "assets",
            "favicon.ico"
        ],
        "index": "index.html",
        "main": "main.ts",
        "polyfills": "polyfills.ts",
        "test": "test.ts",
        "tsconfig": "tsconfig.json",
        "prefix": "base/app",
        "styles": ["assets/sass/modules.scss"],
        "scripts": [],
        "environmentSource": "environments/environment.ts",
        "environments": {
            "source": "environments/environment.ts",
            "dev": "environments/environment.dev.ts",
            "prod": "environments/environment.prod.ts"
        }
    }],
    "e2e": {
        "protractor": {
            "config": "./protractor.conf.js"
        }
    },
    "lint": [{
            "files": "base/**/*.ts",
            "project": "base/tsconfig.json"
        },
        {
            "files": "e2e/**/*.ts",
            "project": "e2e/tsconfig.json"
        }
    ],
    "test": {
        "karma": {
            "config": "./karma.conf.js"
        }
    },
    "defaults": {
        "serve": {
            "port": "4200"
        },
        "styleExt": "scss",
        "prefixInterfaces": false,
        "inline": {
            "style": false,
            "template": false
        },
        "spec": {
            "class": false,
            "component": true,
            "directive": true,
            "module": false,
            "pipe": true,
            "service": true
        }
    }
}